[
  {
    "title": "An Introduction to C & GUI Programming, 2nd Edition",
    "isbn13": "9781912047451",
    "price": "$14.92",
    "image": "https://itbook.store/img/books/9781912047451.png",
    "url": "https://itbook.store/books/9781912047451"
  },
  {
    "title": "Snowflake: The Definitive Guide",
    "isbn13": "9781098103828",
    "price": "$58.90",
    "image": "https://itbook.store/img/books/9781098103828.png",
    "url": "https://itbook.store/books/9781098103828"
  },
  {
    "title": "Python for Data Analysis, 3rd Edition",
    "isbn13": "9781098104030",
    "price": "$36.18",
    "image": "https://itbook.store/img/books/9781098104030.png",
    "url": "https://itbook.store/books/9781098104030"
  },
  {
    "title": "Reliable Machine Learning",
    "isbn13": "9781098106225",
    "price": "$43.99",
    "image": "https://itbook.store/img/books/9781098106225.png",
    "url": "https://itbook.store/books/9781098106225"
  },
  {
    "title": "Data Visualization with Python and JavaScript, 2nd Edition",
    "isbn13": "9781098111878",
    "price": "$60.99",
    "image": "https://itbook.store/img/books/9781098111878.png",
    "url": "https://itbook.store/books/9781098111878"
  },
  {
    "title": "Learning Microsoft Power BI",
    "isbn13": "9781098112844",
    "price": "$40.46",
    "image": "https://itbook.store/img/books/9781098112844.png",
    "url": "https://itbook.store/books/9781098112844"
  },
  {
    "title": "C++ Software Design",
    "isbn13": "9781098113162",
    "price": "$47.03",
    "image": "https://itbook.store/img/books/9781098113162.png",
    "url": "https://itbook.store/books/9781098113162"
  },
  {
    "title": "Terraform: Up and Running, 3rd Edition",
    "isbn13": "9781098116743",
    "price": "$41.99",
    "image": "https://itbook.store/img/books/9781098116743.png",
    "url": "https://itbook.store/books/9781098116743"
  },
  {
    "title": "Flutter and Dart Cookbook",
    "isbn13": "9781098119515",
    "price": "$50.52",
    "image": "https://itbook.store/img/books/9781098119515.png",
    "url": "https://itbook.store/books/9781098119515"
  },
  {
    "title": "Python Data Science Handbook, 2nd Edition",
    "isbn13": "9781098121228",
    "price": "$56.16",
    "image": "https://itbook.store/img/books/9781098121228.png",
    "url": "https://itbook.store/books/9781098121228"
  },
  {
    "title": "Raspberry Pi Cookbook, 4th Edition",
    "isbn13": "9781098130923",
    "price": "$14.99",
    "image": "https://itbook.store/img/books/9781098130923.png",
    "url": "https://itbook.store/books/9781098130923"
  },
  {
    "title": "Azure Maps Using Blazor Succinctly",
    "isbn13": "9781642002263",
    "price": "$0.00",
    "image": "https://itbook.store/img/books/9781642002263.png",
    "url": "https://itbook.store/books/9781642002263"
  },
  {
    "title": "Full Stack Quarkus and React",
    "isbn13": "9781800562738",
    "price": "$39.99",
    "image": "https://itbook.store/img/books/9781800562738.png",
    "url": "https://itbook.store/books/9781800562738"
  },
  {
    "title": "Mathematics for Game Programming and Computer Graphics",
    "isbn13": "9781801077330",
    "price": "$49.99",
    "image": "https://itbook.store/img/books/9781801077330.png",
    "url": "https://itbook.store/books/9781801077330"
  },
  {
    "title": "Architecting and Building High-Speed SoCs",
    "isbn13": "9781801810999",
    "price": "$32.99",
    "image": "https://itbook.store/img/books/9781801810999.png",
    "url": "https://itbook.store/books/9781801810999"
  },
  {
    "title": "Web Development with Julia and Genie",
    "isbn13": "9781801811132",
    "price": "$39.99",
    "image": "https://itbook.store/img/books/9781801811132.png",
    "url": "https://itbook.store/books/9781801811132"
  },
  {
    "title": "Java Memory Management",
    "isbn13": "9781801812856",
    "price": "$34.99",
    "image": "https://itbook.store/img/books/9781801812856.png",
    "url": "https://itbook.store/books/9781801812856"
  },
  {
    "title": "Test-Driven Development with C++",
    "isbn13": "9781803242002",
    "price": "$44.99",
    "image": "https://itbook.store/img/books/9781803242002.png",
    "url": "https://itbook.store/books/9781803242002"
  },
  {
    "title": "Software Test Design",
    "isbn13": "9781804612569",
    "price": "$44.99",
    "image": "https://itbook.store/img/books/9781804612569.png",
    "url": "https://itbook.store/books/9781804612569"
  },
  {
    "title": "Microservices with Go",
    "isbn13": "9781804617007",
    "price": "$29.99",
    "image": "https://itbook.store/img/books/9781804617007.png",
    "url": "https://itbook.store/books/9781804617007"
  }
]